Reference area,Measure,Time period
AUT,71.45798,2016-Q2
AUT,71.67615,2016-Q3
SWE,77.41642,2023-Q3
SWE,77.28474,2023-Q4
SWE,77.00802,2024-Q1
AUT,71.64451,2021-Q2
AUT,73.1341,2021-Q3
SWE,76.25519,2024-Q4
SWE,73.79909,2020-Q2
SWE,74.03895,2020-Q3
SWE,74.72294,2020-Q4
SWE,74.35446,2021-Q1
SWE,74.85592,2021-Q2
SWE,75.32556,2021-Q3
SWE,75.8708,2021-Q4
SWE,76.43583,2022-Q1
SWE,76.85993,2022-Q2
SWE,76.50595,2019-Q4
SWE,75.90855,2020-Q1
SWE,77.37933,2023-Q2
SWE,74.54141,2015-Q1
SWE,74.62551,2015-Q2
SWE,75.09267,2015-Q3
SWE,75.30862,2015-Q4
SWE,75.31741,2016-Q1
SWE,75.63242,2016-Q2
SWE,75.57966,2016-Q3
SWE,75.7448,2016-Q4
SWE,76.14495,2017-Q1
SWE,76.05593,2017-Q2
SWE,76.23404,2017-Q3
SWE,76.35793,2017-Q4
SWE,76.65352,2018-Q1
SWE,76.61923,2018-Q2
SWE,76.73625,2018-Q3
SWE,76.78005,2018-Q4
SWE,76.66406,2019-Q1
SWE,76.26988,2019-Q2
IRL,69.73127,2019-Q4
IRL,69.99961,2020-Q1
IRL,73.85986,2023-Q3
IRL,74.10564,2023-Q4
IRL,74.34844,2024-Q1
SWE,76.90174,2024-Q2
SWE,76.51797,2024-Q3
IRL,66.5392,2020-Q4
IRL,65.9919,2021-Q1
IRL,69.03456,2021-Q2
IRL,71.72366,2021-Q3
IRL,72.51241,2021-Q4
IRL,73.15997,2022-Q1
IRL,73.70283,2022-Q2
IRL,72.93309,2022-Q3
IRL,73.25651,2022-Q4
IRL,73.94009,2023-Q1
IRL,74.21397,2023-Q2
IRL,64.10306,2015-Q1
IRL,64.55506,2015-Q2
IRL,64.89268,2015-Q3
IRL,65.28941,2015-Q4
IRL,65.62585,2016-Q1
IRL,66.23238,2016-Q2
IRL,66.72463,2016-Q3
IRL,67.01662,2016-Q4
IRL,67.30375,2017-Q1
IRL,67.52363,2017-Q2
IRL,67.56474,2017-Q3
IRL,67.92511,2017-Q4
IRL,68.16717,2018-Q1
IRL,68.51942,2018-Q2
IRL,68.61718,2018-Q3
IRL,68.70525,2018-Q4
IRL,69.46381,2019-Q1
IRL,69.19415,2019-Q2
ITA,57.14097,2016-Q3
ITA,57.24035,2016-Q4
ITA,56.3092,2020-Q2
ITA,57.10796,2020-Q3
ITA,57.47325,2020-Q4
ITA,56.72596,2021-Q1
ITA,57.85502,2021-Q2
ITA,58.93068,2021-Q3
ITA,57.6888,2017-Q1
ITA,57.6713,2017-Q2
ITA,57.98707,2017-Q3
ITA,58.09026,2017-Q4
ITA,58.24754,2018-Q1
ITA,58.6797,2018-Q2
ITA,58.62091,2018-Q3
ITA,58.52185,2018-Q4
ITA,58.85263,2019-Q1
ITA,59.07257,2019-Q2
ITA,59.10221,2019-Q3
ITA,59.168,2019-Q4
ITA,58.97102,2020-Q1
ITA,59.39247,2021-Q4
SWE,77.36234,2022-Q3
SWE,77.21519,2022-Q4
SWE,77.55186,2023-Q1
ITA,62.17847,2024-Q4
ITA,55.71881,2015-Q1
ITA,55.72102,2015-Q2
ITA,56.23156,2015-Q3
ITA,56.37819,2015-Q4
ITA,56.67904,2016-Q1
DNK,75.18558,2019-Q4
DNK,75.21043,2020-Q1
DNK,76.23828,2023-Q3
DNK,76.57967,2023-Q4
DNK,77.51694,2024-Q1
DNK,77.58987,2024-Q2
DNK,77.033,2024-Q3
DNK,76.74214,2024-Q4
DNK,74.00959,2020-Q2
DNK,74.042,2020-Q3
DNK,74.35719,2020-Q4
DNK,74.05416,2021-Q1
DNK,75.53271,2021-Q2
DNK,75.85114,2021-Q3
DNK,76.51044,2021-Q4
DNK,76.46918,2022-Q1
DNK,77.01041,2022-Q2
DNK,76.90452,2022-Q3
DNK,76.73199,2022-Q4
DNK,76.97581,2023-Q1
DNK,76.47224,2023-Q2
DNK,71.83307,2015-Q1
DNK,72.03137,2015-Q2
DNK,71.94747,2015-Q3
DNK,72.10714,2015-Q4
DNK,72.28737,2016-Q1
DNK,72.79327,2016-Q2
DNK,72.86563,2016-Q3
DNK,72.84419,2016-Q4
DNK,72.929,2017-Q1
DNK,73.11325,2017-Q2
DNK,73.31547,2017-Q3
DNK,73.59602,2017-Q4
DNK,73.67311,2018-Q1
DNK,74.21815,2018-Q2
DNK,74.35199,2018-Q3
DNK,74.27297,2018-Q4
DNK,74.63335,2019-Q1
DNK,75.07921,2019-Q2
LVA,71.32364,2022-Q4
LVA,70.9538,2023-Q1
LVA,68.47061,2016-Q3
LVA,68.77266,2016-Q4
LVA,68.808,2017-Q1
LVA,69.76101,2017-Q2
LVA,70.54581,2017-Q3
LVA,70.85948,2017-Q4
LVA,71.9026,2023-Q2
LVA,71.69691,2023-Q3
LVA,71.22305,2023-Q4
LVA,71.19091,2024-Q1
LVA,71.64921,2024-Q2
LVA,71.26439,2024-Q3
LVA,70.50185,2024-Q4
LVA,66.91962,2015-Q1
LVA,68.18687,2015-Q2
LVA,68.3341,2015-Q3
LVA,68.82676,2015-Q4
LVA,68.33138,2016-Q1
LVA,68.65738,2016-Q2
LVA,71.02189,2018-Q1
LVA,71.73682,2018-Q2
LVA,72.41039,2018-Q3
LVA,71.66446,2018-Q4
LVA,71.5569,2019-Q1
LVA,72.01434,2019-Q2
LVA,72.71528,2019-Q3
LVA,72.6684,2019-Q4
LVA,71.63606,2020-Q1
LVA,71.52189,2020-Q2
LVA,71.28242,2020-Q3
LVA,71.38627,2020-Q4
LVA,68.86324,2021-Q1
LVA,69.69609,2021-Q2
LVA,70.69323,2021-Q3
LVA,70.24382,2021-Q4
LVA,70.62159,2022-Q1
LVA,71.62217,2022-Q2
POL,67.93417,2019-Q4
POL,68.10742,2020-Q1
POL,72.45868,2023-Q3
POL,72.68407,2023-Q4
POL,72.38508,2024-Q1
POL,72.32671,2024-Q2
POL,72.71192,2024-Q3
POL,72.69914,2024-Q4
POL,67.27082,2020-Q2
POL,68.10434,2020-Q3
POL,68.39491,2020-Q4
POL,69.52332,2021-Q1
POL,70.22259,2021-Q2
POL,70.90847,2021-Q3
POL,70.98222,2021-Q4
POL,71.1753,2022-Q1
POL,71.50008,2022-Q2
POL,71.36564,2022-Q3
POL,71.91131,2022-Q4
POL,72.17005,2023-Q1
IRL,74.32937,2024-Q2
IRL,74.71839,2024-Q3
IRL,74.44449,2024-Q4
IRL,63.56345,2020-Q2
IRL,66.07014,2020-Q3
POL,67.20435,2019-Q1
POL,67.87305,2019-Q2
GRC,53.91203,2018-Q1
GRC,54.53143,2018-Q2
GRC,59.59877,2021-Q4
GRC,60.39185,2022-Q1
GRC,60.51171,2022-Q2
GRC,60.75441,2022-Q3
GRC,61.13807,2022-Q4
GRC,61.25648,2023-Q1
GRC,54.53827,2018-Q3
GRC,55.09314,2018-Q4
GRC,55.67743,2019-Q1
GRC,56.28515,2019-Q2
GRC,55.93695,2019-Q3
GRC,56.5736,2019-Q4
GRC,55.65281,2020-Q1
GRC,49.94266,2020-Q2
GRC,55.03867,2020-Q3
GRC,54.06153,2020-Q4
GRC,54.28321,2021-Q1
GRC,56.48343,2021-Q2
GRC,58.61916,2021-Q3
GRC,61.75481,2023-Q2
GRC,61.85831,2023-Q3
GRC,62.25638,2023-Q4
GRC,62.35656,2024-Q1
GRC,63.4236,2024-Q2
GRC,63.32,2024-Q3
GRC,64.0374,2024-Q4
GRC,49.93098,2015-Q1
GRC,50.50358,2015-Q2
GRC,50.93959,2015-Q3
GRC,51.48456,2015-Q4
GRC,51.60483,2016-Q1
GRC,51.66821,2016-Q2
GRC,51.88498,2016-Q3
GRC,51.92942,2016-Q4
GRC,52.64357,2017-Q1
GRC,53.12912,2017-Q2
GRC,53.38685,2017-Q3
ISL,83.17348,2019-Q4
ISL,82.99982,2020-Q1
ISL,83.47076,2023-Q3
ISL,83.9608,2023-Q4
ISL,84.10852,2024-Q1
ISL,85.26273,2024-Q2
ISL,86.43763,2024-Q3
ISL,85.57216,2024-Q4
ISL,80.3308,2020-Q2
ISL,81.64711,2020-Q3
ISL,76.3241,2020-Q4
ISL,77.6201,2021-Q1
ISL,78.84042,2021-Q2
ISL,80.82372,2021-Q3
ISL,81.71969,2021-Q4
ISL,83.01971,2022-Q1
ISL,83.48597,2022-Q2
ISL,82.87948,2022-Q3
ISL,83.64011,2022-Q4
ISL,83.6974,2023-Q1
ISL,83.73528,2023-Q2
ISL,84.29743,2015-Q1
ISL,84.58372,2015-Q2
ISL,85.12408,2015-Q3
ISL,84.84909,2015-Q4
ISL,86.05515,2016-Q1
ISL,86.10281,2016-Q2
ISL,86.97655,2016-Q3
ISL,86.96497,2016-Q4
ISL,86.99567,2017-Q1
ISL,86.61137,2017-Q2
ISL,85.5136,2017-Q3
ISL,85.38479,2017-Q4
ISL,84.98449,2018-Q1
ISL,84.43784,2018-Q2
ISL,85.46925,2018-Q3
ISL,85.35925,2018-Q4
ISL,85.06044,2019-Q1
ISL,84.73614,2019-Q2
NLD,79.76323,2019-Q4
NLD,80.16572,2020-Q1
NLD,82.50668,2023-Q3
NLD,82.44643,2023-Q4
NLD,82.38594,2024-Q1
NLD,82.426,2024-Q2
NLD,82.32528,2024-Q3
NLD,82.20321,2024-Q4
NLD,78.77526,2020-Q2
NLD,78.91413,2020-Q3
NLD,79.31719,2020-Q4
NLD,79.4551,2021-Q1
NLD,79.6723,2021-Q2
NLD,80.51596,2021-Q3
NLD,80.89688,2021-Q4
NLD,81.37902,2022-Q1
NLD,81.70981,2022-Q2
NLD,81.81689,2022-Q3
NLD,82.13387,2022-Q4
NLD,82.35291,2023-Q1
NLD,82.40806,2023-Q2
NLD,75.44095,2015-Q1
NLD,75.67513,2015-Q2
NLD,75.71869,2015-Q3
NLD,75.73738,2015-Q4
NLD,75.93342,2016-Q1
NLD,76.312,2016-Q2
NLD,76.53764,2016-Q3
ITA,59.68353,2022-Q1
ITA,60.14127,2022-Q2
ITA,60.12311,2022-Q3
ITA,60.62107,2022-Q4
ITA,61.16763,2023-Q1
ITA,61.31266,2023-Q2
ITA,61.42682,2023-Q3
ITA,62.0097,2023-Q4
ITA,62.07879,2024-Q1
ITA,62.01125,2024-Q2
ITA,62.45253,2024-Q3
CHL,64.12009,2024-Q3
CHL,63.69057,2024-Q4
CHL,64.21606,2025-Q1
CHL,63.23179,2015-Q1
CHL,63.36831,2015-Q2
CHL,63.76875,2015-Q3
CHL,63.62267,2015-Q4
CHL,63.16205,2016-Q1
CHL,63.29841,2016-Q2
CHL,64.16769,2018-Q1
CHL,64.3715,2018-Q2
CHL,63.75489,2018-Q3
CHL,64.10023,2018-Q4
CHL,63.70185,2019-Q1
CHL,64.2271,2019-Q2
CHL,64.51411,2019-Q3
CHL,63.94426,2019-Q4
CHL,63.15797,2020-Q1
CHL,51.20916,2020-Q2
CHL,52.60899,2020-Q3
CHL,56.44842,2020-Q4
CHL,57.35351,2021-Q1
CHL,57.03657,2021-Q2
CHL,59.0923,2021-Q3
CHL,60.41751,2021-Q4
CHL,61.49152,2022-Q1
CHL,62.05322,2022-Q2
CHL,62.12395,2022-Q3
GBR,75.42428,2018-Q2
GBR,75.41795,2018-Q3
GBR,75.10785,2022-Q1
GBR,75.06661,2022-Q2
GBR,74.95609,2022-Q3
GBR,75.1349,2022-Q4
GBR,75.28384,2023-Q1
GBR,75.2,2023-Q2
GBR,75.68453,2018-Q4
GBR,75.90135,2019-Q1
GBR,76.09077,2019-Q2
GBR,76.00607,2019-Q3
GBR,76.3785,2019-Q4
GBR,75.92797,2020-Q1
GBR,75.4224,2020-Q2
GBR,74.60069,2020-Q3
GBR,74.32082,2020-Q4
GBR,74.41732,2021-Q1
GBR,74.72746,2021-Q2
GBR,75.04605,2021-Q3
GBR,75.0573,2021-Q4
GBR,74.9,2023-Q3
GBR,74.9,2023-Q4
GBR,74.5,2024-Q1
GBR,74.6,2024-Q2
GBR,74.9,2024-Q3
GBR,75.0,2024-Q4
GBR,75.0,2025-Q1
GBR,73.41843,2015-Q1
GBR,73.36053,2015-Q2
GBR,73.74454,2015-Q3
GBR,74.07327,2015-Q4
GBR,74.08974,2016-Q1
GBR,74.36545,2016-Q2
GBR,74.39095,2016-Q3
GBR,74.50476,2016-Q4
GBR,74.70259,2017-Q1
GBR,75.03208,2017-Q2
GBR,74.92741,2017-Q3
GBR,75.07918,2017-Q4
NZL,77.55906,2018-Q2
NZL,77.94906,2018-Q3
NZL,76.90244,2018-Q4
NZL,77.47958,2019-Q1
NZL,77.58743,2019-Q2
NZL,77.69814,2025-Q1
NZL,74.81995,2015-Q1
NZL,74.44948,2015-Q2
NZL,73.58202,2015-Q3
NZL,74.1582,2015-Q4
NZL,74.63626,2016-Q1
NZL,75.6135,2016-Q2
NZL,75.73969,2016-Q3
NZL,76.31971,2016-Q4
NZL,76.80045,2017-Q1
NZL,76.2185,2017-Q2
NZL,77.1323,2017-Q3
NZL,77.51868,2017-Q4
NZL,77.51078,2019-Q3
NZL,77.27606,2019-Q4
NZL,77.71095,2020-Q1
NZL,76.82365,2020-Q2
NZL,76.12939,2020-Q3
NZL,76.49422,2020-Q4
NZL,77.14776,2021-Q1
NZL,77.82807,2021-Q2
NZL,79.11931,2021-Q3
NZL,79.24647,2021-Q4
NZL,79.13177,2022-Q1
NZL,79.18654,2022-Q2
NZL,80.14294,2022-Q3
NZL,80.23835,2022-Q4
NZL,80.40021,2023-Q1
NZL,80.36436,2023-Q2
POL,72.20528,2023-Q2
POL,61.09404,2015-Q1
POL,61.28596,2015-Q2
POL,61.8191,2015-Q3
POL,62.20972,2015-Q4
POL,62.83379,2016-Q1
POL,63.25301,2016-Q2
POL,63.6558,2016-Q3
POL,64.15461,2016-Q4
POL,64.74868,2017-Q1
POL,65.17514,2017-Q2
POL,65.52151,2017-Q3
POL,65.63879,2017-Q4
POL,66.07981,2018-Q1
POL,66.70695,2018-Q2
POL,66.96306,2018-Q3
POL,66.82944,2018-Q4
FIN,67.71322,2015-Q3
FIN,67.4795,2015-Q4
FIN,68.10392,2016-Q1
FIN,68.16371,2016-Q2
FIN,68.34217,2016-Q3
FIN,68.21118,2016-Q4
FIN,68.49825,2017-Q1
FIN,68.71067,2017-Q2
FIN,69.05061,2017-Q3
FIN,70.05861,2017-Q4
FIN,70.48273,2018-Q1
FIN,70.97765,2018-Q2
FIN,71.38642,2018-Q3
FIN,71.67747,2018-Q4
FIN,71.89405,2019-Q1
FIN,71.52913,2019-Q2
CAN,73.03333,2020-Q1
CAN,64.56667,2020-Q2
CAN,75.56667,2023-Q4
CAN,75.2,2024-Q1
CAN,74.86667,2024-Q2
CAN,74.33334,2024-Q3
CAN,74.2,2024-Q4
CAN,74.33334,2025-Q1
CAN,70.53333,2020-Q3
CAN,72.26667,2020-Q4
CAN,72.16666,2021-Q1
CAN,72.66666,2021-Q2
CAN,74.13333,2021-Q3
CAN,75.16666,2021-Q4
CAN,75.2,2022-Q1
CAN,75.8,2022-Q2
CAN,75.6,2022-Q3
CAN,75.86667,2022-Q4
CAN,76.2,2023-Q1
CAN,76.03333,2023-Q2
CAN,75.83334,2023-Q3
CAN,72.66666,2015-Q1
CAN,72.6,2015-Q2
CAN,72.66666,2015-Q3
CAN,72.43333,2015-Q4
CAN,72.4,2016-Q1
CAN,72.53333,2016-Q2
CAN,72.46667,2016-Q3
CAN,72.8,2016-Q4
CAN,73.23333,2017-Q1
CAN,73.4,2017-Q2
CAN,73.56667,2017-Q3
CAN,73.83334,2017-Q4
CAN,73.8,2018-Q1
CAN,73.76667,2018-Q2
CAN,74.13333,2018-Q3
CAN,74.43333,2018-Q4
CAN,74.3,2019-Q1
CAN,74.73333,2019-Q2
CAN,74.66666,2019-Q3
EST,73.51908,2015-Q3
EST,71.86472,2015-Q4
EST,74.27622,2019-Q2
EST,75.86207,2019-Q3
EST,76.25609,2019-Q4
EST,74.61977,2020-Q1
EST,71.98859,2020-Q2
EST,73.47521,2020-Q3
EST,69.90703,2016-Q1
EST,73.32863,2016-Q2
EST,73.2225,2016-Q3
EST,71.6302,2016-Q4
EST,73.31831,2017-Q1
EST,73.10149,2017-Q2
EST,74.37234,2017-Q3
EST,75.21651,2017-Q4
EST,73.54164,2018-Q1
EST,74.46935,2018-Q2
EST,74.33797,2018-Q3
EST,75.32867,2018-Q4
EST,74.03014,2019-Q1
EST,73.89339,2020-Q4
EST,73.41422,2021-Q1
EST,72.71199,2021-Q2
EST,74.67868,2021-Q3
EST,75.18616,2021-Q4
EST,76.27567,2022-Q1
EST,75.99952,2022-Q2
EST,76.49178,2022-Q3
EST,76.89075,2022-Q4
EST,76.43691,2023-Q1
EST,76.43967,2023-Q2
EST,76.18547,2023-Q3
EST,75.88181,2023-Q4
EST,75.29234,2024-Q1
EST,76.55708,2024-Q2
EST,75.78423,2024-Q3
EST,75.18231,2024-Q4
EST,69.84648,2015-Q1
HUN,70.41689,2019-Q4
NLD,76.69555,2016-Q4
NLD,76.96358,2017-Q1
NLD,77.24903,2017-Q2
NLD,77.5158,2017-Q3
NLD,77.75504,2017-Q4
NLD,78.07627,2018-Q1
NLD,78.50971,2018-Q2
NLD,78.94469,2018-Q3
NLD,79.24856,2018-Q4
NLD,79.51766,2019-Q1
NLD,79.67371,2019-Q2
CHL,62.30374,2023-Q1
CHL,63.06042,2023-Q2
CHL,63.56411,2016-Q3
CHL,63.35698,2016-Q4
CHL,63.30547,2017-Q1
CHL,63.82845,2017-Q2
CHL,64.26814,2017-Q3
CHL,64.2167,2017-Q4
CHL,62.85238,2023-Q3
CHL,63.31902,2023-Q4
CHL,63.99705,2024-Q1
CHL,64.76877,2024-Q2
HUN,69.67797,2018-Q4
HUN,70.39962,2019-Q1
HUN,70.27491,2019-Q2
KOR,68.73517,2022-Q4
KOR,68.84151,2023-Q1
KOR,69.25237,2023-Q2
KOR,69.3586,2023-Q3
KOR,69.46016,2023-Q4
KOR,69.51628,2024-Q1
KOR,69.47008,2024-Q2
KOR,69.57323,2024-Q3
KOR,69.612,2024-Q4
KOR,69.70741,2025-Q1
KOR,65.85507,2015-Q1
KOR,65.7691,2015-Q2
KOR,65.94883,2015-Q3
KOR,66.06801,2015-Q4
KOR,65.92802,2016-Q1
KOR,65.90464,2016-Q2
KOR,66.18611,2016-Q3
KOR,66.28492,2016-Q4
KOR,66.49639,2017-Q1
KOR,66.6453,2017-Q2
KOR,66.7009,2017-Q3
KOR,66.67439,2017-Q4
KOR,66.74722,2018-Q1
KOR,66.64797,2018-Q2
KOR,66.46099,2018-Q3
KOR,66.59588,2018-Q4
KOR,66.68465,2019-Q1
KOR,66.71823,2019-Q2
KOR,66.83716,2019-Q3
KOR,67.05059,2019-Q4
KOR,66.76508,2020-Q1
KOR,65.40874,2020-Q2
KOR,65.6282,2020-Q3
KOR,65.63755,2020-Q4
KOR,65.63509,2021-Q1
KOR,66.41373,2021-Q2
KOR,66.80133,2021-Q3
KOR,67.25507,2021-Q4
KOR,68.05515,2022-Q1
KOR,68.53932,2022-Q2
SVN,69.36266,2020-Q2
SVN,69.77663,2020-Q3
SVN,73.94394,2024-Q1
SVN,73.20447,2024-Q2
SVN,72.59505,2024-Q3
SVN,72.83741,2024-Q4
SVN,63.43256,2015-Q1
SVN,64.91875,2015-Q2
SVN,70.0682,2020-Q4
SVN,68.4696,2021-Q1
SVN,71.83929,2021-Q2
SVN,73.12676,2021-Q3
SVN,72.29361,2021-Q4
SVN,72.78513,2022-Q1
SVN,73.11073,2022-Q2
SVN,73.71784,2022-Q3
SVN,72.90267,2022-Q4
SVN,71.60761,2023-Q1
SVN,73.01324,2023-Q2
SVN,72.6273,2023-Q3
SVN,72.78241,2023-Q4
SVN,65.70609,2015-Q3
SVN,64.6167,2015-Q4
SVN,64.06935,2016-Q1
SVN,65.68995,2016-Q2
SVN,65.53542,2016-Q3
SVN,66.12136,2016-Q4
SVN,67.13641,2017-Q1
SVN,68.42294,2017-Q2
SVN,69.50334,2017-Q3
SVN,69.72367,2017-Q4
SVN,69.46861,2018-Q1
SVN,70.48499,2018-Q2
SVN,71.21805,2018-Q3
SVN,71.15431,2018-Q4
SVN,71.13274,2019-Q1
SVN,71.87343,2019-Q2
SVN,71.2742,2019-Q3
SVN,70.90044,2019-Q4
DEU,77.57916,2024-Q4
DEU,73.84336,2016-Q3
DEU,73.16006,2015-Q1
DEU,72.87631,2015-Q2
DEU,72.86369,2015-Q3
DEU,73.05027,2015-Q4
DEU,73.57764,2016-Q1
DEU,73.36477,2016-Q2
NZL,79.82054,2023-Q3
NZL,79.75097,2023-Q4
NZL,79.09499,2024-Q1
NZL,78.92108,2024-Q2
NZL,78.38406,2024-Q3
NZL,77.99483,2024-Q4
FIN,72.41392,2019-Q4
FIN,72.26574,2020-Q1
FIN,73.85907,2023-Q3
FIN,73.49329,2023-Q4
FIN,73.32314,2024-Q1
FIN,72.79702,2024-Q2
FIN,72.28642,2024-Q3
FIN,71.87654,2024-Q4
FIN,69.85115,2020-Q2
FIN,71.07452,2020-Q3
FIN,71.41743,2020-Q4
FIN,71.68905,2021-Q1
FIN,72.52749,2021-Q2
FIN,72.82744,2021-Q3
FIN,73.59537,2021-Q4
FIN,73.9603,2022-Q1
FIN,74.3062,2022-Q2
FIN,74.12304,2022-Q3
FIN,74.80389,2022-Q4
FIN,74.27732,2023-Q1
FIN,74.45429,2023-Q2
FIN,67.69637,2015-Q1
FIN,67.32224,2015-Q2
USA,68.40782,2021-Q1
USA,68.91238,2021-Q2
USA,69.76561,2021-Q3
USA,70.56151,2021-Q4
USA,70.94225,2022-Q1
USA,71.26616,2022-Q2
USA,71.41274,2022-Q3
USA,71.41702,2022-Q4
USA,71.76373,2023-Q1
USA,71.96292,2023-Q2
USA,72.02832,2023-Q3
USA,68.50019,2015-Q1
USA,68.72088,2015-Q2
USA,68.68701,2015-Q3
USA,68.9101,2015-Q4
USA,69.24104,2016-Q1
USA,69.21083,2016-Q2
USA,69.36256,2016-Q3
USA,69.51976,2016-Q4
USA,69.79313,2017-Q1
USA,70.06415,2017-Q2
USA,70.26968,2017-Q3
USA,70.29405,2017-Q4
USA,70.48923,2018-Q1
USA,70.65067,2018-Q2
USA,70.73714,2018-Q3
USA,70.97733,2018-Q4
USA,71.04977,2019-Q1
USA,71.17809,2019-Q2
USA,71.46633,2019-Q3
ISR,68.89594,2024-Q4
ISR,69.3764,2025-Q1
ISR,70.17295,2023-Q2
ISR,69.99436,2023-Q3
ISR,68.80656,2023-Q4
ISR,69.27799,2024-Q1
ISR,69.34685,2024-Q2
ISR,69.49367,2024-Q3
ISR,68.50014,2020-Q1
ISR,66.72155,2020-Q2
ISR,66.10753,2020-Q3
ISR,65.80962,2020-Q4
ISR,65.37643,2021-Q1
ISR,65.77325,2021-Q2
ISR,67.06753,2021-Q3
ISR,68.17569,2021-Q4
ISR,69.01835,2022-Q1
ISR,69.11357,2022-Q2
ISR,69.55293,2022-Q3
ISR,69.03932,2022-Q4
ISR,70.15474,2023-Q1
ISR,67.94073,2015-Q1
ISR,68.36213,2015-Q2
ISR,68.48003,2015-Q3
ISR,68.49357,2015-Q4
ISR,68.25452,2016-Q1
ISR,68.68682,2016-Q2
ISR,68.64834,2016-Q3
ISR,68.78071,2016-Q4
ISR,68.91134,2017-Q1
ISR,69.05019,2017-Q2
ISR,69.07267,2017-Q3
ISR,69.12022,2017-Q4
ISR,69.2251,2018-Q1
ISR,68.94099,2018-Q2
ISR,69.01304,2018-Q3
ISR,68.92391,2018-Q4
ISR,69.24731,2019-Q1
ISR,69.05597,2019-Q2
ISR,68.78925,2019-Q3
ESP,63.77505,2021-Q4
ESP,64.121,2022-Q1
ESP,58.07064,2015-Q3
ESP,58.54458,2015-Q4
ESP,59.12855,2016-Q1
ESP,59.27156,2016-Q2
ESP,59.71896,2016-Q3
ESP,60.06734,2016-Q4
ESP,64.35651,2022-Q2
ESP,64.39095,2022-Q3
ESP,64.28154,2022-Q4
ESP,64.66668,2023-Q1
ESP,65.38719,2023-Q2
ESP,65.59307,2023-Q3
HUN,70.23168,2020-Q1
HUN,74.89408,2023-Q3
HUN,75.1493,2023-Q4
HUN,75.13246,2024-Q1
HUN,75.09337,2024-Q2
HUN,75.05265,2024-Q3
HUN,75.03579,2024-Q4
HUN,68.94867,2020-Q2
HUN,70.07332,2020-Q3
HUN,70.28191,2020-Q4
HUN,72.31878,2021-Q1
HUN,73.07886,2021-Q2
HUN,73.507,2021-Q3
HUN,74.12061,2021-Q4
HUN,74.44154,2022-Q1
HUN,74.44627,2022-Q2
HUN,74.4906,2022-Q3
HUN,74.60127,2022-Q4
HUN,74.73769,2023-Q1
HUN,74.86184,2023-Q2
HUN,62.99686,2015-Q1
HUN,63.69188,2015-Q2
HUN,64.33703,2015-Q3
HUN,64.75591,2015-Q4
HUN,65.57861,2016-Q1
HUN,66.34135,2016-Q2
HUN,66.773,2016-Q3
HUN,67.41074,2016-Q4
HUN,67.51035,2017-Q1
HUN,68.02699,2017-Q2
HUN,68.45351,2017-Q3
HUN,68.70583,2017-Q4
HUN,69.16116,2018-Q1
HUN,69.44335,2018-Q2
HUN,69.50771,2018-Q3
LTU,71.42403,2020-Q2
LTU,70.68475,2020-Q3
LTU,71.48724,2020-Q4
LTU,71.16856,2021-Q1
LTU,71.82256,2021-Q2
LTU,73.20403,2021-Q3
LTU,73.56577,2021-Q4
LTU,72.75372,2022-Q1
LTU,74.21007,2022-Q2
LTU,75.03332,2022-Q3
LTU,73.01173,2022-Q4
LTU,71.96338,2023-Q1
LTU,73.53652,2023-Q2
LTU,73.97635,2023-Q3
LTU,73.1346,2023-Q4
LTU,72.52099,2024-Q1
LTU,73.92874,2024-Q2
SVK,70.27813,2019-Q4
SVK,69.9465,2020-Q1
SVK,71.94569,2023-Q3
SVK,72.42487,2023-Q4
SVK,72.23872,2024-Q1
SVK,72.34977,2024-Q2
SVK,72.36102,2024-Q3
SVK,72.74832,2024-Q4
SVK,69.20258,2020-Q2
SVK,69.36903,2020-Q3
SVK,69.4422,2020-Q4
SVK,68.00156,2021-Q1
SVK,69.06029,2021-Q2
SVK,70.14069,2021-Q3
SVK,70.57843,2021-Q4
SVK,70.81561,2022-Q1
SVK,71.39657,2022-Q2
SVK,71.53151,2022-Q3
SVK,71.57263,2022-Q4
SVK,71.56497,2023-Q1
SVK,71.87473,2023-Q2
SVK,63.73933,2015-Q1
SVK,64.17582,2015-Q2
SVK,64.77821,2015-Q3
SVK,65.33894,2015-Q4
SVK,65.96623,2016-Q1
SVK,66.59651,2016-Q2
SVK,67.00997,2016-Q3
SVK,67.33912,2016-Q4
SVK,67.68908,2017-Q1
SVK,67.99575,2017-Q2
SVK,68.28398,2017-Q3
SVK,68.37795,2017-Q4
SVK,68.95165,2018-Q1
SVK,69.22411,2018-Q2
SVK,69.85056,2018-Q3
SVK,70.03506,2018-Q4
SVK,70.48275,2019-Q1
SVK,70.43177,2019-Q2
CZE,75.03137,2019-Q4
CZE,75.06445,2020-Q1
CZE,75.09306,2023-Q3
CZE,75.12243,2023-Q4
CZE,75.34702,2024-Q1
CZE,75.33875,2024-Q2
CZE,75.47026,2024-Q3
CZE,75.57267,2024-Q4
CZE,74.2632,2020-Q2
CZE,74.16557,2020-Q3
CZE,74.05408,2020-Q4
CZE,73.95444,2021-Q1
CZE,73.85262,2021-Q2
CZE,74.71867,2021-Q3
CZE,75.05988,2021-Q4
CZE,75.41351,2022-Q1
CZE,75.41886,2022-Q2
CZE,75.60326,2022-Q3
CZE,75.47369,2022-Q4
CZE,74.9223,2023-Q1
CZE,75.2971,2023-Q2
CZE,69.72311,2015-Q1
DEU,73.87199,2016-Q4
DEU,73.9666,2017-Q1
DEU,73.97642,2017-Q2
DEU,74.50083,2017-Q3
DEU,74.55953,2017-Q4
DEU,74.69947,2018-Q1
DEU,74.5645,2018-Q2
DEU,75.13348,2018-Q3
DEU,75.25906,2018-Q4
DEU,75.48188,2019-Q1
DEU,75.46783,2019-Q2
DEU,75.70238,2019-Q3
DEU,76.0575,2019-Q4
DEU,74.33633,2020-Q1
DEU,74.04448,2020-Q2
DEU,74.18459,2020-Q3
DEU,74.87085,2020-Q4
DEU,74.55988,2021-Q1
DEU,75.25004,2021-Q2
DEU,76.21114,2021-Q3
DEU,76.3175,2021-Q4
DEU,76.64073,2022-Q1
DEU,76.83569,2022-Q2
DEU,76.69622,2022-Q3
DEU,76.86439,2022-Q4
DEU,77.12439,2023-Q1
DEU,77.27119,2023-Q2
DEU,77.1381,2023-Q3
DEU,77.27705,2023-Q4
DEU,77.36408,2024-Q1
DEU,77.47287,2024-Q2
USA,71.35658,2020-Q1
USA,62.40167,2020-Q2
USA,71.98017,2023-Q4
USA,71.94881,2024-Q1
USA,71.89391,2024-Q2
USA,71.81457,2024-Q3
USA,71.76412,2024-Q4
USA,71.87774,2025-Q1
USA,66.38947,2020-Q3
USA,67.89106,2020-Q4
NOR,74.96967,2018-Q3
NOR,75.25452,2018-Q4
NOR,75.17115,2019-Q1
NOR,75.29399,2019-Q2
JPN,78.06902,2020-Q1
JPN,77.08532,2020-Q2
JPN,79.21026,2023-Q4
JPN,79.15582,2024-Q1
JPN,79.29211,2024-Q2
JPN,79.53558,2024-Q3
JPN,79.76344,2024-Q4
JPN,79.85995,2025-Q1
JPN,77.16809,2020-Q3
JPN,77.4744,2020-Q4
JPN,77.77239,2021-Q1
JPN,77.80181,2021-Q2
JPN,78.00693,2021-Q3
JPN,77.92838,2021-Q4
JPN,78.10023,2022-Q1
JPN,78.54357,2022-Q2
JPN,78.60933,2022-Q3
JPN,78.54916,2022-Q4
JPN,78.63775,2023-Q1
JPN,78.89334,2023-Q2
JPN,79.0172,2023-Q3
JPN,73.12833,2015-Q1
JPN,73.20738,2015-Q2
JPN,73.4617,2015-Q3
JPN,73.79299,2015-Q4
JPN,74.07796,2016-Q1
JPN,74.29058,2016-Q2
JPN,74.65924,2016-Q3
JPN,74.84749,2016-Q4
JPN,74.91632,2017-Q1
JPN,75.19926,2017-Q2
JPN,75.53273,2017-Q3
JPN,75.83631,2017-Q4
JPN,76.44196,2018-Q1
JPN,76.91743,2018-Q2
JPN,77.03291,2018-Q3
JPN,77.37803,2018-Q4
JPN,77.51975,2019-Q1
JPN,77.70486,2019-Q2
JPN,77.92683,2019-Q3
BEL,63.06079,2017-Q2
BEL,63.17271,2017-Q3
BEL,63.94413,2021-Q1
BEL,65.15543,2021-Q2
BEL,66.07407,2021-Q3
BEL,65.92931,2021-Q4
BEL,66.69793,2022-Q1
BEL,66.24717,2022-Q2
BEL,63.83572,2017-Q4
BEL,64.17052,2018-Q1
BEL,63.93736,2018-Q2
BEL,64.81407,2018-Q3
BEL,64.96082,2018-Q4
BEL,64.7934,2019-Q1
BEL,65.73026,2019-Q2
BEL,65.59418,2019-Q3
BEL,65.04457,2019-Q4
BEL,65.3442,2020-Q1
BEL,64.06996,2020-Q2
BEL,64.35632,2020-Q3
BEL,63.9696,2020-Q4
BEL,66.73499,2022-Q3
BEL,66.46389,2022-Q4
BEL,66.72122,2023-Q1
BEL,66.19995,2023-Q2
BEL,66.71855,2023-Q3
BEL,66.66489,2023-Q4
BEL,66.46379,2024-Q1
BEL,66.81474,2024-Q2
ESP,65.73396,2023-Q4
ESP,65.87374,2024-Q1
ESP,65.96545,2024-Q2
ESP,66.12981,2024-Q3
ESP,66.42029,2024-Q4
ESP,57.02876,2015-Q1
ESP,57.64651,2015-Q2
ESP,60.516,2017-Q1
ESP,60.9194,2017-Q2
ESP,61.35601,2017-Q3
ESP,61.52608,2017-Q4
ESP,61.80433,2018-Q1
ESP,62.32614,2018-Q2
ESP,62.57297,2018-Q3
ESP,62.86656,2018-Q4
ESP,63.21091,2019-Q1
ESP,63.31791,2019-Q2
ESP,63.17628,2019-Q3
ESP,63.52709,2019-Q4
ESP,63.25038,2020-Q1
ESP,58.97352,2020-Q2
ESP,60.40036,2020-Q3
ESP,61.12416,2020-Q4
ESP,61.43319,2021-Q1
ESP,62.25546,2021-Q2
LTU,73.96514,2024-Q4
LTU,69.68772,2016-Q3
LTU,66.26692,2015-Q1
LTU,67.10656,2015-Q2
LTU,67.59205,2015-Q3
LTU,67.96326,2015-Q4
LTU,68.63293,2016-Q1
LTU,69.59354,2016-Q2
LTU,69.61008,2016-Q4
LTU,69.55878,2017-Q1
LTU,70.57738,2017-Q2
LTU,70.53459,2017-Q3
LTU,70.95809,2017-Q4
LTU,71.1543,2018-Q1
LTU,72.00517,2018-Q2
LTU,73.64928,2018-Q3
LTU,72.87771,2018-Q4
LTU,72.79662,2019-Q1
LTU,73.00905,2019-Q2
LTU,73.06032,2019-Q3
LTU,73.07499,2019-Q4
LTU,72.83477,2020-Q1
COL,64.03893,2025-Q1
COL,56.33191,2020-Q3
COL,59.77691,2020-Q4
COL,57.23134,2021-Q1
COL,57.53617,2021-Q2
COL,58.19713,2021-Q3
COL,58.4385,2021-Q4
COL,60.78064,2022-Q1
COL,62.23932,2022-Q2
COL,61.97382,2022-Q3
COL,61.37724,2022-Q4
COL,62.34108,2023-Q1
COL,63.68458,2023-Q2
COL,63.6991,2023-Q3
COL,67.00478,2015-Q1
COL,67.53154,2015-Q2
COL,67.35119,2015-Q3
COL,67.66791,2015-Q4
COL,66.80298,2016-Q1
COL,67.50505,2016-Q2
COL,66.8094,2016-Q3
COL,67.0293,2016-Q4
COL,66.79066,2017-Q1
COL,67.78047,2017-Q2
COL,66.82377,2017-Q3
COL,66.35462,2017-Q4
COL,66.07039,2018-Q1
COL,67.39024,2018-Q2
COL,66.79262,2018-Q3
COL,65.56825,2018-Q4
COL,65.59081,2019-Q1
COL,66.19579,2019-Q2
COL,64.9224,2019-Q3
TUR,50.30328,2019-Q4
TUR,48.82531,2020-Q1
TUR,53.81156,2023-Q3
TUR,54.4166,2023-Q4
TUR,55.11025,2024-Q1
TUR,55.12094,2024-Q2
TUR,55.18707,2024-Q3
TUR,55.23292,2024-Q4
TUR,45.569,2020-Q2
TUR,47.84333,2020-Q3
TUR,47.83355,2020-Q4
TUR,49.13379,2021-Q1
TUR,49.42496,2021-Q2
TUR,50.7647,2021-Q3
TUR,51.69806,2021-Q4
TUR,51.87691,2022-Q1
TUR,52.70086,2022-Q2
TUR,52.78069,2022-Q3
TUR,53.97556,2022-Q4
TUR,53.63626,2023-Q1
TUR,53.4163,2023-Q2
TUR,49.89277,2015-Q1
TUR,50.10257,2015-Q2
TUR,50.34165,2015-Q3
TUR,50.33754,2015-Q4
TUR,50.8647,2016-Q1
TUR,51.04139,2016-Q2
TUR,50.29457,2016-Q3
TUR,50.39278,2016-Q4
TUR,50.83628,2017-Q1
TUR,51.38153,2017-Q2
TUR,51.78378,2017-Q3
TUR,52.16242,2017-Q4
TUR,52.35993,2018-Q1
TUR,52.13557,2018-Q2
CZE,70.19723,2015-Q2
CZE,70.35648,2015-Q3
CZE,70.63413,2015-Q4
CZE,71.3415,2016-Q1
CZE,71.79786,2016-Q2
CZE,72.06731,2016-Q3
CZE,72.71545,2016-Q4
CZE,73.09779,2017-Q1
CZE,73.40029,2017-Q2
CZE,73.97168,2017-Q3
CZE,74.1151,2017-Q4
CZE,74.46351,2018-Q1
CZE,74.82373,2018-Q2
CZE,74.84396,2018-Q3
CZE,75.14834,2018-Q4
CZE,75.27604,2019-Q1
CZE,75.16515,2019-Q2
NOR,75.6374,2019-Q4
NOR,75.80553,2020-Q1
NOR,77.61082,2023-Q3
NOR,77.24019,2023-Q4
NOR,77.07796,2024-Q1
NOR,77.14122,2024-Q2
NOR,77.07724,2024-Q3
NOR,77.00269,2024-Q4
NOR,74.53999,2020-Q2
NOR,74.40656,2020-Q3
NOR,74.75623,2020-Q4
NOR,74.7383,2021-Q1
NOR,76.23464,2021-Q2
NOR,76.9137,2021-Q3
NOR,77.29766,2021-Q4
NOR,77.69784,2022-Q1
NOR,78.01254,2022-Q2
NOR,77.6444,2022-Q3
NOR,77.54199,2022-Q4
NOR,77.21115,2023-Q1
NOR,77.48534,2023-Q2
NOR,75.00343,2015-Q1
NOR,75.15031,2015-Q2
NOR,74.9051,2015-Q3
NOR,74.7036,2015-Q4
NOR,74.82307,2016-Q1
NOR,74.46341,2016-Q2
NOR,74.4689,2016-Q3
NOR,74.24471,2016-Q4
NOR,74.15988,2017-Q1
NOR,74.27,2017-Q2
NOR,74.17179,2017-Q3
NOR,74.38262,2017-Q4
NOR,74.77517,2018-Q1
NOR,75.11696,2018-Q2
AUS,77.16495,2023-Q3
AUS,71.85002,2015-Q1
AUS,72.01865,2015-Q2
AUS,72.09583,2015-Q3
AUS,72.51406,2015-Q4
AUS,72.55961,2016-Q1
AUS,72.41441,2016-Q2
AUS,72.27542,2016-Q3
AUS,72.15403,2016-Q4
AUS,72.20487,2017-Q1
AUS,72.58914,2017-Q2
AUS,72.97578,2017-Q3
AUS,73.21908,2017-Q4
AUS,73.3289,2018-Q1
AUS,73.29992,2018-Q2
AUS,73.52092,2018-Q3
AUS,73.73763,2018-Q4
AUS,73.93795,2019-Q1
AUS,73.9952,2019-Q2
AUS,74.22227,2019-Q3
PRT,72.7387,2023-Q4
PRT,72.65571,2024-Q1
PRT,72.66696,2024-Q2
PRT,72.84431,2024-Q3
PRT,73.03293,2024-Q4
PRT,67.27608,2020-Q2
PRT,67.88579,2020-Q3
PRT,68.86108,2020-Q4
PRT,68.05878,2021-Q1
PRT,69.72437,2021-Q2
PRT,70.19736,2021-Q3
PRT,70.55516,2021-Q4
PRT,71.29227,2022-Q1
PRT,71.00027,2022-Q2
PRT,71.58018,2022-Q3
PRT,71.55963,2022-Q4
PRT,71.90614,2023-Q1
PRT,72.4648,2023-Q2
PRT,61.98177,2015-Q1
PRT,62.86197,2015-Q2
PRT,62.97366,2015-Q3
PRT,63.47466,2015-Q4
PRT,63.49174,2016-Q1
PRT,64.07011,2016-Q2
PRT,64.72933,2016-Q3
PRT,65.07484,2016-Q4
PRT,65.8792,2017-Q1
PRT,66.6612,2017-Q2
PRT,67.50493,2017-Q3
PRT,68.30064,2017-Q4
PRT,68.72218,2018-Q1
PRT,69.05758,2018-Q2
PRT,69.38363,2018-Q3
PRT,69.63188,2018-Q4
PRT,69.69597,2019-Q1
PRT,69.84931,2019-Q2
PRT,70.22649,2019-Q3
PRT,70.22097,2019-Q4
PRT,69.66518,2020-Q1
CHE,80.58625,2020-Q1
CHE,79.41914,2020-Q2
CHE,80.60956,2023-Q4
BEL,66.7112,2024-Q3
BEL,66.96156,2024-Q4
BEL,62.1112,2015-Q1
BEL,61.49963,2015-Q2
BEL,61.96098,2015-Q3
BEL,61.614,2015-Q4
BEL,61.84513,2016-Q1
BEL,62.09882,2016-Q2
BEL,62.02144,2016-Q3
BEL,63.19984,2016-Q4
MEX,62.54501,2022-Q3
MEX,63.15696,2022-Q4
MEX,60.85475,2016-Q1
MEX,60.87321,2016-Q2
MEX,61.38179,2016-Q3
MEX,61.08245,2016-Q4
MEX,61.40076,2017-Q1
MEX,61.12097,2017-Q2
MEX,63.8119,2023-Q1
MEX,63.36969,2023-Q2
MEX,63.80383,2023-Q3
MEX,63.8219,2023-Q4
MEX,64.17799,2024-Q1
MEX,63.94928,2024-Q2
MEX,63.87667,2024-Q3
MEX,63.48373,2024-Q4
MEX,63.6159,2025-Q1
MEX,60.56607,2015-Q1
MEX,60.50867,2015-Q2
MEX,60.63685,2015-Q3
MEX,61.27279,2015-Q4
MEX,61.07815,2017-Q3
MEX,61.17985,2017-Q4
MEX,61.46574,2018-Q1
MEX,61.64464,2018-Q2
MEX,61.6745,2018-Q3
MEX,61.59768,2018-Q4
MEX,62.07338,2019-Q1
MEX,62.26019,2019-Q2
MEX,62.35484,2019-Q3
MEX,62.36933,2019-Q4
MEX,62.54779,2020-Q1
MEX,51.38989,2020-Q2
MEX,56.90424,2020-Q3
MEX,59.24123,2020-Q4
MEX,59.6008,2021-Q1
MEX,61.10911,2021-Q2
MEX,61.50585,2021-Q3
MEX,61.9159,2021-Q4
MEX,61.85882,2022-Q1
COL,63.14325,2020-Q1
COL,52.09855,2020-Q2
COL,62.1648,2023-Q4
COL,62.14725,2024-Q1
COL,63.24148,2024-Q2
COL,63.22077,2024-Q3
COL,62.80922,2024-Q4
CRI,62.24781,2018-Q2
CRI,61.2893,2018-Q3
CRI,61.86226,2018-Q4
CRI,61.69806,2019-Q1
CRI,62.00516,2019-Q2
CRI,61.26518,2019-Q3
CRI,61.62133,2019-Q4
LUX,66.81915,2020-Q1
LUX,66.93425,2020-Q2
LUX,69.33024,2023-Q4
LUX,69.66119,2024-Q1
LUX,70.12971,2024-Q2
LUX,69.14262,2024-Q3
LUX,69.86634,2024-Q4
LUX,67.02625,2020-Q3
LUX,68.19627,2020-Q4
LUX,68.1065,2021-Q1
LUX,69.73515,2021-Q2
LUX,70.16919,2021-Q3
LUX,69.42861,2021-Q4
LUX,70.47507,2022-Q1
LUX,70.14774,2022-Q2
LUX,70.05241,2022-Q3
LUX,69.80495,2022-Q4
LUX,70.55107,2023-Q1
LUX,70.77424,2023-Q2
LUX,70.5033,2023-Q3
LUX,66.5545,2015-Q1
LUX,66.95042,2015-Q2
LUX,65.51771,2015-Q3
LUX,65.48864,2015-Q4
LUX,65.45111,2016-Q1
LUX,65.2584,2016-Q2
LUX,65.21257,2016-Q3
LUX,66.2924,2016-Q4
LUX,66.07359,2017-Q1
LUX,66.01354,2017-Q2
LUX,66.8814,2017-Q3
LUX,66.15422,2017-Q4
LUX,66.99858,2018-Q1
LUX,66.46891,2018-Q2
LUX,67.02928,2018-Q3
LUX,67.86932,2018-Q4
LUX,67.72945,2019-Q1
LUX,68.40987,2019-Q2
LUX,67.98487,2019-Q3
AUT,73.23521,2020-Q1
AUT,69.9371,2020-Q2
AUT,74.1256,2023-Q4
AUT,74.13114,2024-Q1
AUT,74.16714,2024-Q2
AUT,73.92415,2024-Q3
AUT,74.13539,2024-Q4
AUT,71.92648,2020-Q3
AUT,71.8055,2020-Q4
AUT,71.37051,2021-Q1
TUR,52.14817,2018-Q3
TUR,51.26209,2018-Q4
TUR,50.53627,2019-Q1
TUR,50.18177,2019-Q2
FRA,66.83229,2019-Q4
FRA,66.79169,2020-Q1
FRA,68.43481,2023-Q3
FRA,68.4595,2023-Q4
FRA,68.70554,2024-Q1
FRA,68.95712,2024-Q2
FRA,69.2542,2024-Q3
FRA,68.94169,2024-Q4
FRA,65.20928,2020-Q2
FRA,65.91833,2020-Q3
FRA,66.54231,2020-Q4
FRA,66.46691,2021-Q1
FRA,66.96251,2021-Q2
FRA,67.70395,2021-Q3
FRA,67.85088,2021-Q4
FRA,67.8009,2022-Q1
FRA,67.96861,2022-Q2
FRA,68.4381,2022-Q3
FRA,68.36376,2022-Q4
FRA,68.40145,2023-Q1
FRA,68.45182,2023-Q2
FRA,64.54297,2015-Q1
FRA,64.55468,2015-Q2
FRA,64.85016,2015-Q3
FRA,64.79436,2015-Q4
FRA,64.9075,2016-Q1
FRA,64.93279,2016-Q2
FRA,65.15725,2016-Q3
FRA,65.01682,2016-Q4
FRA,65.02432,2017-Q1
FRA,65.59653,2017-Q2
FRA,65.59296,2017-Q3
FRA,66.02387,2017-Q4
FRA,65.92822,2018-Q1
FRA,65.99342,2018-Q2
FRA,66.28604,2018-Q3
FRA,66.36654,2018-Q4
FRA,66.26649,2019-Q1
FRA,66.28903,2019-Q2
AUS,74.20103,2020-Q1
AUS,70.19077,2020-Q2
AUS,77.11684,2023-Q4
AUS,76.85635,2024-Q1
AUS,76.77608,2024-Q2
AUS,77.20458,2024-Q3
AUS,77.29173,2024-Q4
AUS,77.25535,2025-Q1
AUS,71.75748,2020-Q3
AUS,73.16888,2020-Q4
AUS,73.99079,2021-Q1
AUS,74.79493,2021-Q2
AUS,74.46333,2021-Q3
AUS,74.95152,2021-Q4
AUS,76.36066,2022-Q1
AUS,76.81109,2022-Q2
AUS,77.15985,2022-Q3
AUS,77.19895,2022-Q4
AUS,77.18329,2023-Q1
AUS,77.24979,2023-Q2
AUT,71.76093,2016-Q4
AUT,71.78941,2017-Q1
AUT,72.24821,2017-Q2
AUT,72.00058,2017-Q3
AUT,72.61514,2017-Q4
AUT,72.73757,2018-Q1
AUT,73.10846,2018-Q2
AUT,72.99635,2018-Q3
AUT,73.211,2018-Q4
AUT,73.45969,2019-Q1
AUT,73.50443,2019-Q2
AUT,73.42789,2019-Q3
SWE,76.34647,2019-Q3
IRL,69.27433,2019-Q3
ITA,57.17712,2016-Q2
DNK,75.18644,2019-Q3
LVA,71.66053,2022-Q3
POL,68.1478,2019-Q3
GRC,53.6045,2017-Q4
ISL,83.39612,2019-Q3
NLD,79.76549,2019-Q3
CHL,62.06995,2022-Q4
GBR,75.45055,2018-Q1
NZL,77.56758,2018-Q1
FIN,72.15687,2019-Q3
CAN,74.5,2019-Q4
EST,71.55405,2015-Q2
HUN,70.1913,2019-Q3
KOR,68.71791,2022-Q3
SVN,71.0706,2020-Q1
DEU,77.33639,2024-Q3
USA,71.70209,2019-Q4
ISR,68.60428,2019-Q4
ESP,63.0546,2021-Q3
LTU,74.05346,2024-Q3
SVK,70.46357,2019-Q3
CZE,75.07134,2019-Q3
NOR,75.94368,2019-Q3
JPN,78.09815,2019-Q4
BEL,62.4828,2017-Q1
MEX,62.58342,2022-Q2
COL,64.78067,2019-Q4
TUR,50.11258,2019-Q3
FRA,66.17016,2019-Q3
AUS,74.13912,2019-Q4
PRT,72.4621,2023-Q3
CHE,80.52532,2019-Q4
CRI,61.96293,2020-Q1
LUX,67.57255,2019-Q4
AUT,73.81129,2019-Q4
CHE,80.35451,2024-Q1
CHE,80.54702,2024-Q2
CHE,80.2873,2024-Q3
CHE,80.25505,2024-Q4
CHE,79.84478,2020-Q3
CHE,79.88818,2020-Q4
CHE,79.37183,2021-Q1
CHE,79.04475,2021-Q2
CHE,79.81283,2021-Q3
CHE,80.17385,2021-Q4
CHE,79.96673,2022-Q1
CHE,80.15307,2022-Q2
CHE,80.00939,2022-Q3
CHE,80.18304,2022-Q4
CHE,80.68097,2023-Q1
CHE,80.79087,2023-Q2
CHE,80.52087,2023-Q3
CHE,79.4236,2015-Q1
CHE,79.18394,2015-Q2
CHE,78.92727,2015-Q3
CHE,79.2224,2015-Q4
CHE,79.73106,2016-Q1
CHE,79.55764,2016-Q2
CHE,79.4237,2016-Q3
CHE,79.70947,2016-Q4
CHE,79.65079,2017-Q1
CHE,79.85426,2017-Q2
CHE,79.84589,2017-Q3
CHE,79.78734,2017-Q4
CHE,79.83874,2018-Q1
CHE,79.9565,2018-Q2
CHE,80.52442,2018-Q3
CHE,80.10242,2018-Q4
CHE,80.3116,2019-Q1
CHE,80.61887,2019-Q2
CHE,80.47823,2019-Q3
CRI,49.69787,2020-Q2
CRI,52.40552,2020-Q3
CRI,60.15294,2024-Q1
CRI,59.64067,2024-Q2
CRI,62.29826,2024-Q3
CRI,61.93966,2024-Q4
CRI,61.25319,2025-Q1
CRI,55.25658,2020-Q4
CRI,56.04257,2021-Q1
CRI,55.59557,2021-Q2
CRI,58.32516,2021-Q3
CRI,58.65159,2021-Q4
CRI,58.62284,2022-Q1
CRI,60.02401,2022-Q2
CRI,60.90527,2022-Q3
CRI,60.68662,2022-Q4
CRI,58.98521,2023-Q1
CRI,59.30724,2023-Q2
CRI,58.17517,2023-Q3
CRI,58.10932,2023-Q4
CRI,60.7186,2015-Q1
CRI,61.48014,2015-Q2
CRI,61.02555,2015-Q3
CRI,59.53615,2015-Q4
CRI,59.0303,2016-Q1
CRI,57.45566,2016-Q2
CRI,57.83308,2016-Q3
CRI,60.53406,2016-Q4
CRI,60.34304,2017-Q1
CRI,60.52156,2017-Q2
CRI,60.2851,2017-Q3
CRI,57.99788,2017-Q4
CRI,58.40683,2018-Q1
AUT,73.45251,2021-Q4
AUT,74.02628,2022-Q1
AUT,74.22522,2022-Q2
AUT,73.86334,2022-Q3
AUT,73.94886,2022-Q4
AUT,74.00938,2023-Q1
AUT,74.26002,2023-Q2
AUT,74.0502,2023-Q3
AUT,71.0722,2015-Q1
AUT,70.94554,2015-Q2
AUT,71.16628,2015-Q3
AUT,71.24793,2015-Q4
AUT,71.27336,2016-Q1
